Pool	Barcode	Sequence	Sample.name	Flowcell	Lane	fname
SLX-16182	UDI0077	TGCGAGAC-CATTGTTG	HCI011-T1-P02-18.6756L2-T1	H23KHBBXY	s_4	SLX-16182.UDI0077.H23KHBBXY.s_4
SLX-16182	UDI0078	CATAGAGT-TGCCACCA	HCI011-T1-P02-18.6757NM-T1	H23KHBBXY	s_4	SLX-16182.UDI0078.H23KHBBXY.s_4
SLX-16182	UDI0075	AGTACTCC-AACCTGTT	HCI011-T1-P02-18.6756L1-T1	H23KHBBXY	s_4	SLX-16182.UDI0075.H23KHBBXY.s_4
SLX-16182	UDI0076	GACGTCTT-GGTTCACC	HCI011-T1-P02-18.6756B-T1	H23KHBBXY	s_4	SLX-16182.UDI0076.H23KHBBXY.s_4
SLX-16182	UDI0073	CAATTAAC-CGAGATAT	HCI011-T1-P02-18.6756NM-T1	H23KHBBXY	s_4	SLX-16182.UDI0073.H23KHBBXY.s_4
SLX-16182	UDI0074	TGGCCGGT-TAGAGCGC	HCI011-T1-P02-18.6756R1-T1	H23KHBBXY	s_4	SLX-16182.UDI0074.H23KHBBXY.s_4
SLX-16182	UDI0071	ACTCGTGT-ATTGGAAC	HCI011-T1-P01-18.242L2-T1	H23KHBBXY	s_4	SLX-16182.UDI0071.H23KHBBXY.s_4
SLX-16182	UDI0072	GTCTACAC-GCCAAGGT	HCI011-T1-P01-18.242NM-T1	H23KHBBXY	s_4	SLX-16182.UDI0072.H23KHBBXY.s_4
SLX-16182	UDI0069	GCCACAGG-CATGCCAT	HCI011-T1-P01-18.239L1-T1	H23KHBBXY	s_4	SLX-16182.UDI0069.H23KHBBXY.s_4
SLX-16182	UDI0070	ATTGTGAA-TGCATTGC	HCI011-T1-P01-18.242B-T1	H23KHBBXY	s_4	SLX-16182.UDI0070.H23KHBBXY.s_4
SLX-16182	UDI0067	TTCCTGTT-AGTATCTT	HCI011-T1-P01-18.9413R1-T1	H23KHBBXY	s_4	SLX-16182.UDI0067.H23KHBBXY.s_4
SLX-16182	UDI0068	CCTTCACC-GACGCTCC	HCI011-T1-P01-18.9416L2-T1	H23KHBBXY	s_4	SLX-16182.UDI0068.H23KHBBXY.s_4
SLX-16182	UDI0065	ACACTAAG-ATCCATAT	HCI011-T1-P01-18.241B-T1	H23KHBBXY	s_4	SLX-16182.UDI0065.H23KHBBXY.s_4
SLX-16182	UDI0066	GTGTCGGA-GCTTGCGC	HCI011-T1-P01-18.9413L2-T1	H23KHBBXY	s_4	SLX-16182.UDI0066.H23KHBBXY.s_4
SLX-16182	UDI0092	ACGCACCT-GGTGAAGG	HCI011-T1-P01-18.9416R1-T1	H23KHBBXY	s_4	SLX-16182.UDI0092.H23KHBBXY.s_4
SLX-16182	UDI0091	GTATGTTC-AACAGGAA	HCI011-T1-P01-18.9413B-T1	H23KHBBXY	s_4	SLX-16182.UDI0091.H23KHBBXY.s_4
SLX-16182	UDI0088	TCTGTTGG-TCGAATGG	HCI011-T1-P01-18.9414L2-T1	H23KHBBXY	s_4	SLX-16182.UDI0088.H23KHBBXY.s_4
SLX-16182	UDI0087	CTCACCAA-CTAGGCAA	HCI011-T1-P01-18.9414L1-T1	H23KHBBXY	s_4	SLX-16182.UDI0087.H23KHBBXY.s_4
SLX-16182	UDI0090	CGCTATGT-TCCGACAC	HCI011-T1-P01-18.9414NM-T1	H23KHBBXY	s_4	SLX-16182.UDI0090.H23KHBBXY.s_4
SLX-16182	UDI0089	TATCGCAC-CTTAGTGT	HCI011-T1-P01-18.9416L1-T1	H23KHBBXY	s_4	SLX-16182.UDI0089.H23KHBBXY.s_4
SLX-16182	UDI0084	TCATCCTT-AGCGAGCT	HCI011-T1-P02-18.6758B-T1	H23KHBBXY	s_4	SLX-16182.UDI0084.H23KHBBXY.s_4
SLX-16182	UDI0083	CTGCTTCC-GATAGATC	HCI011-T1-P02-18.6758L1-T1	H23KHBBXY	s_4	SLX-16182.UDI0083.H23KHBBXY.s_4
SLX-16182	UDI0086	GAACCGCG-TGACCTTA	HCI011-T1-P01-18.9414B-T1	H23KHBBXY	s_4	SLX-16182.UDI0086.H23KHBBXY.s_4
SLX-16182	UDI0085	AGGTTATA-CAGTTCCG	HCI011-T1-P02-18.6758L2-T1	H23KHBBXY	s_4	SLX-16182.UDI0085.H23KHBBXY.s_4
SLX-16182	UDI0080	GTGAATAT-TCTCATTC	HCI011-T1-P02-18.6757L1-T1	H23KHBBXY	s_4	SLX-16182.UDI0080.H23KHBBXY.s_4
SLX-16182	UDI0079	ACAGGCGC-CTCTGCCT	HCI011-T1-P02-18.6757R1-T1	H23KHBBXY	s_4	SLX-16182.UDI0079.H23KHBBXY.s_4
SLX-16182	UDI0082	GGTCACGA-GTATTATG	HCI011-T1-P02-18.6758NM-T1	H23KHBBXY	s_4	SLX-16182.UDI0082.H23KHBBXY.s_4
SLX-16182	UDI0081	AACTGTAG-ACGCCGCA	HCI011-T1-P02-18.6757L2-T1	H23KHBBXY	s_4	SLX-16182.UDI0081.H23KHBBXY.s_4
